firstname;lastname;email;region
Austin;Hyland;auhyland@cisco.com;US
David;Staudt;dstaudt@cisco.com;US
Jonathan;Field;jfield@cisco.com;Europe
Phil;Bellanti;pbellant@cisco.com;US
Stève;Sfartz;stsfartz@cisco.com;Europe
Tessa;Mero;tmero@cisco.com;US
EOF;EOF;EOF;EOF